pearson,pearson_p,spearman,spearman_p,l2_distance_z_units
-0.297666310713269,0.0027691333403730665,-0.5103896103896104,6.783018418773958e-08,1.5601410360103867
