descriptor,descriptor_label,oxford_rho,oxford_p,calce_rho,calce_p,same_sign,both_significant,criterion1_verdict,n_oxford,n_calce_cold
d1_mean_drift_v,D1 mean drift,0.9526274682566929,1.188514502598427e-261,-0.9759000729485332,3.436402807612141e-05,False,True,opposite,504,8
d3_plateau_center,D3a low-slope center,-0.9610279839059692,1.823758620453653e-282,0.6831300510639733,0.06183472987214335,False,False,inconclusive,504,8
d3_plateau_width,D3b low-slope width,0.8884147900362346,7.116024714650257e-172,0.6872329711433424,0.05966947049080753,True,False,inconclusive,504,8
d3_plateau_shift,D3c low-slope shift,-0.9610279839059692,1.823758620453653e-282,0.6831300510639733,0.06183472987214335,False,False,inconclusive,504,8
d4_a_slope_mean,D4 slope amplification,0.9664673232708817,1.4928561651269975e-298,0.9759000729485332,3.436402807612141e-05,True,True,aligned,504,8
d5_peak_soc,D5a peak |ΔU| SOC,-0.42797922074756806,1.646779008996736e-23,-0.8432740427115678,0.008528352374862205,True,True,aligned,496,8
d5_peak_amp_v,D5b signed peak amplitude,0.9398477836642426,1.3659899680719555e-232,-0.9759000729485332,3.436402807612141e-05,False,True,opposite,496,8
d6_ndir_rms,D6 NDIR$_{RMS}$,0.9411880907383476,1.0431375940959944e-238,0.9759000729485332,3.436402807612141e-05,True,True,aligned,504,8
