dataset,severity_definition,a,b,a_se,b_se,r2,rho_s,p_value,n
Oxford Kokam,s = 1 - SOH,0.11660707081170717,0.8038874621183734,0.0032790920677101764,0.015364452652544805,0.9115291702172966,0.9382964423046805,6.050727898284102e-230,496
CALCE A123 cold side,s = (T_ref - T) / 35,0.21281910601536289,2.4473998596176005,0.014548251281228743,0.4109982589705633,0.9467225720838076,0.9759000729485332,3.436402807612141e-05,8
