dataset,median_rel_ci_width,iqr_lo_rel_ci_width,iqr_hi_rel_ci_width
Oxford Kokam,0.03618458613999685,0.02325932137770397,0.08088015303957877
CALCE A123,0.19237926837181593,0.006845239453159693,0.38502224378581773
