dataset,regime,rmse_mv_mean,mae_mv_mean,coverage_95_mean,n_rows
Oxford Kokam,stratified leave-one-aging-state-out,2.7825841831983085,1.2872598200600138,0.920580808080808,8
CALCE A123,interior LOTO,24.42837260040146,17.58311589105945,0.9528619528619529,2
CALCE A123,edge LOTO,49.80370081542884,37.233157752270536,0.9924242424242424,2
