dataset,n_rows,expected_sqrt_N,median_L2_over_RMS,mean_L2_over_RMS,std_L2_over_RMS,max_NDI_L2,max_NDIR_RMS
Oxford Kokam,504,9.9498743710662,9.9498743710662,9.949874371066198,1.6148680596993932e-14,0.41010455760805153,0.04121705886062418
CALCE A123,16,9.9498743710662,9.9498743710662,9.9498743710662,1.1016497455536763e-15,2.395270022437455,0.24073369503064238
