cell_id,n_aging_states,first_cycle,last_cycle,cap_initial_ah,cap_final_ah,soh_min,soh_max
Cell1,78,0,8200,0.7391109210621779,0.5606495828680589,0.757685458226604,1.0
Cell2,73,0,7700,0.7348189656975843,0.544914770679986,0.6823926290322354,1.0
Cell3,76,0,8100,0.735119595112905,0.5658573030034043,0.7697486324201381,1.0
Cell4,47,0,5100,0.7340756158938327,0.581233771613044,0.7917900540877061,1.0
Cell5,46,0,5000,0.735336070718255,0.4561288635874498,0.620299862540289,1.0
Cell6,46,0,5000,0.7327947554512294,0.5790231519723749,0.7901573362323433,1.0
Cell7,77,0,8100,0.7287460724569093,0.5828069570864598,0.7997394141989302,1.0
Cell8,76,0,8100,0.7275279508776245,0.5589581404180535,0.7672022537380233,1.0
