cell_id,regime,rmse_mv,mae_mv,coverage_95,n_folds
A1-007,interior,27.140723096440208,20.292089603671947,0.9461279461279462,6
A1-007,edge,53.731660704255575,41.57710993588687,0.98989898989899,2
A1-008,interior,21.71602210436271,14.874142178446952,0.9595959595959596,6
A1-008,edge,45.875740926602106,32.889205568654205,0.9949494949494949,2
